"param","spp","tag","mean","q5","q95","f","Neff","Rhat"
"Height","Agelaioides_badius","AGELBADI",0.26777391207505,-0.1289839,0.6905736,0.86220411016498,3631.98736952759,1.00095828398994
"Height","Alopochelidon_fucata","ALOPFUCA",-0.09859306024625,-0.7134663,0.50665635,0.603000216269525,3859.38766998141,0.999633117886899
"Height","Amblyramphus_holosericeus","AMBLHOLO",-0.05117718116825,-0.60211415,0.4947651,0.557301889019163,3705.11167866437,0.999992394298925
"Height","Ammodramus_humeralis","AMMOHUME",0.6901248912355,0.10844455,1.2968005,0.975366313689629,3594.84120084152,1.00099428673713
"Height","Anthus_correndera","ANTHCORR",-0.226657452304425,-0.7025921,0.2677276,0.782174826804047,3758.32831050409,0.999600737631244
"Height","Anthus_furcatus","ANTHFURC",-0.23988010637735,-0.6747928,0.19647595,0.812220719869913,3848.52478419844,0.999841182326075
"Height","Anthus_hellmayri","ANTHHELL",-0.105754610883265,-0.59479575,0.3787325,0.644763874746326,3904.51704008401,1.0007084979229
"Height","Anumbius_annumbi","ANUMANNU",0.0155949274062,-0.2304186,0.26856175,0.53513259996759,3545.2113217128,1.00111402127716
"Height","Athene_cunicularia","ATHECUNI",-0.44204453843775,-0.7246711,-0.159118800000001,0.995852646704349,3979.05349007529,1.00192214250451
"Height","Caracara_plancus","CARAPLAN",-0.5188839267045,-1.1504525,0.0547130299999998,0.929372472035132,3274.53606703897,0.999845064897956
"Height","Colaptes_campestris","COLACAMP",-0.831322688325,-1.369038,-0.37498305,1.00049139368603,2553.93987354331,1.00131442534647
"Height","Colaptes_melanochloros","COLAMELA",-0.60463767772,-0.96717375,-0.2710044,0.999456197331215,3630.24139777329,1.00022185074521
"Height","Cranioleuca_sulphurifera","CRANSULP",0.5381519318115,-0.09276728,1.1974855,0.917065519587356,3297.46473232618,1.00036867939765
"Height","Donacospiza_albifrons","DONAALBI",0.39058709851625,-0.051121365,0.8453783,0.925921382819452,3606.38105954867,1.00097849765639
"Height","Drymornis_bridgesii","DRYMBRID",-0.27955996885225,-0.86323825,0.30072925,0.784186792397674,3558.2543012797,0.999795662505087
"Height","Emberizoides_ypiranganus","EMBEYPIR",0.17371751386885,-0.50665375,0.8379995,0.673215352273185,3813.55394032518,1.00000385126257
"Height","Embernagra_platensis","EMBEPLAT",0.71781300475,0.47060025,0.9738768,1.00097847035434,3888.21323744384,0.999620548053387
"Height","Falco_sparverius","FALCSPAR",-0.40493363258575,-0.775341,-0.0610361000000002,0.970910761817651,4004.34249987701,0.999737047617923
"Height","Furnarius_rufus","FURNRUFU",-0.42134206082795,-0.73160645,-0.1299906,0.989558057621334,4178.87735451506,1.00031984810583
"Height","Gallinago_paraguaiae","GALLPARA",-0.53377850385225,-0.9149268,-0.1812549,0.993921622327286,3823.02054952362,1.00011898001812
"Height","Geothlypis_aequinoctialis","GEOTAEQU",0.326158418622775,-0.18529395,0.8530776,0.853119711030413,3684.8132573099,1.00026728511862
"Height","Gnorimopsar_chopi","GNORCHOP",0.0181450064295,-0.5257525,0.56920355,0.521019566227032,4260.22182502227,1.0007941241009
"Height","Guira_guira","GUIRGUIR",0.0522390070799,-0.2909542,0.4298169,0.59074257317968,2989.12921364044,1.00268107500685
"Height","Hymenops_perspicillatus","HYMEPERS",-0.00500848709525,-0.2657842,0.26194065,0.510292184701397,3605.42824421106,1.0002640317838
"Height","Leptasthenura_platensis","LEPTPLAT",-0.02646842687,-0.69461995,0.63556715,0.519242392998435,3440.16104588316,1.00037732016383
"Height","Limnoctites_rectirostris","LIMNRECT",0.33674231684025,-0.1724521,0.8619463,0.851459580499589,3630.96646800312,0.999624503933355
"Height","Machetornis_rixosa","MACHRIXO",-0.407114691940025,-0.92874365,0.071824975,0.916281259368479,3242.3511021523,1.00102352939576
"Height","Milvago_chimango","MILVCHIM",-0.14697493604772,-0.49693035,0.1891582,0.761915016481997,3840.29928174438,0.999993947259808
"Height","Mimus_saturninus","MIMUSATU",-0.5065565033525,-0.76353465,-0.2646232,1.00073981826286,3896.85538306521,1.00046171859066
"Height","Molothrus_bonariensis","MOLOBONA",-0.68770849975,-0.95737405,-0.43715975,1.00072755888685,3754.60931502171,1.00088694580747
"Height","Molothrus_rufoaxillaris","MOLORUFO",-0.1339761977393,-0.6870689,0.3858064,0.658352810523176,4010.17967671192,1.00044547206252
"Height","Myiopsitta_monachus","MYIOMONA",0.42770649656,0.1240413,0.7730301,0.989443517175325,3738.68449572933,0.99994020097493
"Height","Nothura_maculosa","NOTHMACU",0.6436091623045,0.1641465,1.1149825,0.973158179087054,2578.18151110109,1.00084009024671
"Height","Paroaria_coronata","PAROCORO",-0.29706864267825,-0.6325922,0.01495895,0.935978601083272,3882.04364493618,0.99987992449077
"Height","Phacellodomus_striaticollis","PHACSTRI",0.6182871546,0.3502174,0.8957383,1.00097276611069,3562.39033755017,1.00080438579362
"Height","Pitangus_sulphuratus","PITASULP",0.4568982405825,0.1859962,0.75516055,0.998046610609082,3732.85573722404,1.00038282011855
"Height","Poospiza_nigrorufa","POOSNIGR",0.335515712155825,-0.32435695,1.025481,0.797315743148539,3709.41627241935,0.999737118929286
"Height","Progne_chalybea","PROGCHAL",-0.3693868246405,-0.879983,0.1231727,0.891374795847956,3879.77314965224,1.00084509133195
"Height","Progne_tapera","PROGTAPE",0.397813593451625,0.085973135,0.73674715,0.980588754865332,3751.74115544894,1.00091087883328
"Height","Pseudoleistes_guirahuro","PSEUGUIR",0.129513193061,-0.2922746,0.56547485,0.677766487929184,3886.7534707304,1.00036340601592
"Height","Pseudoleistes_virescens","PSEUVIRE",-0.28438032066925,-0.5200732,-0.05413584,0.976572196769749,3782.49166274184,1.00030414822235
"Height","Pygochelidon_cyanoleuca","PYGOCYAN",-0.2047550496735,-0.59141335,0.1621329,0.814321493144747,3904.81036598303,1.00233977557875
"Height","Pyrocephalus_rubinus","PYRORUBI",0.05722855685367,-0.24051155,0.3329506,0.639836636408339,3731.78001082626,1.00134908458687
"Height","Rhynchotus_rufescens","RHYNRUFE",0.2064366233254,-0.07556826,0.4918014,0.885285059208556,3756.76408045707,1.00024715012254
"Height","Riparia_riparia","RIPARIPA",-0.037571019685,-0.6847898,0.5973133,0.533129803359535,3752.6388832004,1.0003753385118
"Height","Rostratula_semicollaris","ROSTSEMI",-0.100028968146382,-0.74203825,0.5473484,0.598909224326555,3040.38180762918,1.00106795702108
"Height","Satrapa_icterophrys","SATRICTE",-0.253227099104575,-0.64753975,0.1071382,0.865496659193754,3522.51306321561,1.00131955192386
"Height","Sicalis_flaveola","SICAFLAV",0.25954063731625,-0.02949275,0.5543858,0.929117090445909,3634.16418750293,1.00003745055001
"Height","Sicalis_luteola","SICALUTE",0.44113756436825,0.175988,0.72682315,0.996315225848347,3463.42825424496,0.99983083407989
"Height","Spartonoica_maluroides","SPARMALU",0.30599776792725,-0.3860168,1.015932,0.759883235867695,3516.88346455525,1.00027536294067
"Height","Sporophila_caerulescens","SPORCAER",0.503674308724,0.1029549,0.91428795,0.979999691587305,3926.95733176164,1.00019966090242
"Height","Stelgidopteryx_ruficollis","STELRUFI",-0.053611236224425,-0.63012255,0.53827555,0.567071119495401,3846.36405278497,1.00095020747897
"Height","Sturnella_superciliaris","STURSUPE",0.47839841780425,0.11168775,0.8699064,0.986102983662009,3726.36600048201,1.00081017426957
"Height","Syrigma_sibilatrix","SYRISIBI",-0.44999840438825,-1.0068675,0.0900729349999999,0.913659092745659,3998.62045868493,0.999998194426259
"Height","Tachuris_rubrigastra","TACHRUBR",0.191700684504018,-0.4673132,0.87959985,0.688390409906611,3734.57852821398,0.999894992931399
"Height","Tachycineta_leucorrhoa","TACHLEUC",-0.244353655234983,-0.47321395,-0.0182017300000001,0.960404767273732,3898.02601512969,0.99999846237739
"Height","Theristicus_caerulescens","THERCAER",-0.96092269119,-1.55092,-0.41589735,0.999169779958676,3895.4337058268,1.00175168915343
"Height","Troglodytes_aedon","TROGAEDO",0.45125249455625,0.058718905,0.86805835,0.96947867913736,3195.3066087194,1.00149397306618
"Height","Turdus_amaurochalinus","TURDAMAU",-0.49764901462,-0.80269895,-0.21365865,0.999568371047366,3966.75124245343,1.00059735765652
"Height","Turdus_rufiventris","TURDRUFI",0.078962625329225,-0.2541992,0.4089775,0.654392256674301,3713.270037785,1.00065092311201
"Height","Tyrannus_melancholicus","TYRAMELA",0.24398377481095,-0.033572265,0.50904555,0.926210835109876,3889.59533529646,1.00025934989594
"Height","Tyrannus_savana","TYRASAVA",0.20826497039705,-0.02405324,0.4505262,0.927547213853763,3882.95743481464,1.00073762759514
"Height","Vanellus_chilensis","VANECHIL",-1.058021907,-1.2830105,-0.84923345,0.999968899016071,3844.69925052751,0.999921913293823
"Height","Xanthopsar_flavus","XANTFLAV",0.130816289961275,-0.18530685,0.45753645,0.743658031854587,3383.13676749078,1.00033615320543
"Height","Xolmis_cinereus","XOLMCINE",-0.79758466525,-1.0690135,-0.547698650000001,1.00076947031336,3590.46197438614,0.999687097628323
"Height","Xolmis_dominicanus","XOLMDOMI",0.18696349858395,-0.14080105,0.5204879,0.822523958615187,3619.08883327915,1.00174518623808
"Height","Xolmis_irupero","XOLMIRUP",-0.788676245,-1.238785,-0.39603595,1.00062156997646,3265.84038045153,1.00110916873792
"Height","Zenaida_auriculata","ZENAAURI",-0.12795905640025,-0.5549092,0.29102615,0.695604367392371,4124.31439140083,1.00086983172072
"Height","Zonotrichia_capensis","ZONOCAPE",0.0910076459614222,-0.13103515,0.3111081,0.749686557474728,4114.60872012352,1.0006429156123
"brush","Agelaioides_badius","AGELBADI",1.10910589859475,0.2519625,2.004151,0.982774144030689,3336.49358696666,1.00036034938722
"brush","Alopochelidon_fucata","ALOPFUCA",1.27131118915,-0.062471225,2.708616,0.938427809887915,2541.4245208655,1.00035240646497
"brush","Amblyramphus_holosericeus","AMBLHOLO",1.2380418961025,-0.00905109999999999,2.589355,0.946324222334675,2423.44656650779,1.00058342743775
"brush","Ammodramus_humeralis","AMMOHUME",0.3103911831965,-0.94189855,1.5662565,0.656377285918536,2973.79103973365,1.00108485881978
"brush","Anthus_correndera","ANTHCORR",-0.40692639780925,-1.392892,0.586748699999999,0.748303746560361,3818.70238792336,0.999930025585945
"brush","Anthus_furcatus","ANTHFURC",0.5576315035695,-0.31885655,1.4498485,0.850815877029928,3431.85392001184,1.00031108288923
"brush","Anthus_hellmayri","ANTHHELL",0.500548404211,-0.4937387,1.5224325,0.787628505880822,3712.01311246976,1.00041738243424
"brush","Anumbius_annumbi","ANUMANNU",0.176093575656625,-0.31293055,0.6533165,0.729608309559277,3424.22105876857,1.00141808590976
"brush","Athene_cunicularia","ATHECUNI",-0.3545878280944,-0.90804865,0.20291885,0.848016404711269,3561.03116440309,0.99969923604429
"brush","Caracara_plancus","CARAPLAN",-1.2760301001875,-2.494609,-0.0252644550000007,0.952273393932501,3970.8486139094,0.999926315237044
"brush","Colaptes_campestris","COLACAMP",-0.9469124592945,-1.771827,-0.15768155,0.975290612055454,3236.94974909204,1.00165610918475
"brush","Colaptes_melanochloros","COLAMELA",0.75483008570725,0.121271,1.4219015,0.972963221517098,3218.00650872795,1.00005605964005
"brush","Cranioleuca_sulphurifera","CRANSULP",1.4976359389625,0.01431887,3.1071295,0.949229176760197,2223.8462354738,1.0004648123477
"brush","Donacospiza_albifrons","DONAALBI",2.366433909,1.26561,3.5818295,1.00096237149052,2794.96764610412,0.999730030313423
"brush","Drymornis_bridgesii","DRYMBRID",0.61555124316475,-0.67680205,1.946747,0.783491301161218,2939.59594140815,1.0007313111747
"brush","Emberizoides_ypiranganus","EMBEYPIR",1.17022555265075,-0.2893358,2.702018,0.905838125785049,2185.14055580842,0.999893755123487
"brush","Embernagra_platensis","EMBEPLAT",3.1691049625,2.606946,3.7848795,1.00097882145417,3777.35695590714,1.00062238097941
"brush","Falco_sparverius","FALCSPAR",-0.147798796496,-0.94348605,0.61287325,0.628473973744247,3515.51310297274,1.00092673953773
"brush","Furnarius_rufus","FURNRUFU",0.34017799511485,-0.20243885,0.912794949999999,0.839871676249457,3701.22145763807,0.999993173512565
"brush","Gallinago_paraguaiae","GALLPARA",0.76082921893985,0.02706526,1.523569,0.954414054085089,3109.68741991099,1.00083225580985
"brush","Geothlypis_aequinoctialis","GEOTAEQU",1.85317274227,0.66025545,3.196632,0.995494453867586,2417.16531743903,1.00046994917964
"brush","Gnorimopsar_chopi","GNORCHOP",0.4083125926815,-0.78255935,1.5903795,0.712156292502643,2910.82242032903,1.00013268045757
"brush","Guira_guira","GUIRGUIR",0.479728379579,-0.20922025,1.206788,0.871420677257395,2512.20813893327,1.00077716582491
"brush","Hymenops_perspicillatus","HYMEPERS",2.7944135175,2.024606,3.6874895,1.0009782777839,2791.12956071267,1.00017193745354
"brush","Leptasthenura_platensis","LEPTPLAT",0.49838479466565,-1.001718,1.973365,0.708144749221161,3238.07044592386,1.00025291814833
"brush","Limnoctites_rectirostris","LIMNRECT",2.207391329175,1.039752,3.5233935,1.00067198048253,2561.02400777964,1.00098391017335
"brush","Machetornis_rixosa","MACHRIXO",0.48077577735765,-0.5345148,1.5124105,0.7822047131908,2957.23048726698,1.00127836232971
"brush","Milvago_chimango","MILVCHIM",-0.1864151420245,-0.8931417,0.49755885,0.665801179042486,3423.04785469717,0.999772920908035
"brush","Mimus_saturninus","MIMUSATU",0.2909326133674,-0.19724105,0.7973475,0.828094938514621,3945.6905115319,1.00015953220403
"brush","Molothrus_bonariensis","MOLOBONA",0.430753566106,-0.062968855,0.9109631,0.925479186776635,3928.59145287109,1.0000713144174
"brush","Molothrus_rufoaxillaris","MOLORUFO",0.7772399695615,-0.38075645,1.956386,0.870789346392783,3381.45904023892,1.00113761570667
"brush","Myiopsitta_monachus","MYIOMONA",0.7520382651875,0.18336415,1.368816,0.984632194749256,3071.77503132404,1.00229848260687
"brush","Nothura_maculosa","NOTHMACU",0.20455097976525,-0.72065905,1.180443,0.637645074608733,2905.3498089021,1.00174538993158
"brush","Paroaria_coronata","PAROCORO",0.4771414714115,-0.1806251,1.126109,0.884151912632801,3624.13441010359,1.00055967075915
"brush","Phacellodomus_striaticollis","PHACSTRI",1.187753166825,0.65826985,1.727954,1.00096552862701,3601.04464262288,1.0005050051217
"brush","Pitangus_sulphuratus","PITASULP",0.129291201579225,-0.36601255,0.65495155,0.650651897867961,3485.94392249443,1.00026499484603
"brush","Poospiza_nigrorufa","POOSNIGR",1.21379628964875,-0.2220992,2.6591385,0.913959274005818,2273.20014540415,1.00221068971472
"brush","Progne_chalybea","PROGCHAL",-0.15135683084235,-1.1731255,0.8561287,0.591844921702027,3518.34420625789,1.00103070678907
"brush","Progne_tapera","PROGTAPE",0.751113461995,0.1380738,1.387057,0.975876065101465,3240.57952390329,1.00085032601279
"brush","Pseudoleistes_guirahuro","PSEUGUIR",0.648246055578,-0.26189325,1.563063,0.874864263993391,3361.6333570838,1.00008074850136
"brush","Pseudoleistes_virescens","PSEUVIRE",1.53641646175,1.044399,2.0317295,1.00097836031633,3952.25258121318,1.00075880760473
"brush","Pygochelidon_cyanoleuca","PYGOCYAN",1.1013665381125,0.35192895,1.8965555,0.992078743675413,3557.44793966531,1.00010695819497
"brush","Pyrocephalus_rubinus","PYRORUBI",0.097632919976,-0.44244075,0.617714,0.62459367886915,3586.50771906403,1.00035724591315
"brush","Rhynchotus_rufescens","RHYNRUFE",1.1649807496,0.5543185,1.8025865,0.999742817446309,3571.16238973972,1.00043043953478
"brush","Riparia_riparia","RIPARIPA",0.693831422262175,-0.6707527,2.107021,0.796498244172006,3042.96598439091,0.999575834456565
"brush","Rostratula_semicollaris","ROSTSEMI",0.8911946491655,-0.49041365,2.290344,0.854643330985402,2695.50739696978,1.00069013221293
"brush","Satrapa_icterophrys","SATRICTE",0.6392240151755,-0.1029487,1.3878275,0.921597081240065,3726.64564533288,1.00086741335981
"brush","Sicalis_flaveola","SICAFLAV",0.359975701453,-0.22028625,0.9509105,0.844299266055353,3484.44062223689,1.0009300231911
"brush","Sicalis_luteola","SICALUTE",1.44249077125,0.9246372,2.008525,1.00097848054042,3708.88933913744,1.0001927054287
"brush","Spartonoica_maluroides","SPARMALU",1.3970103513325,-0.1026471,2.944082,0.936981165178662,2509.59655410219,1.00081213822779
"brush","Sporophila_caerulescens","SPORCAER",1.386796561475,0.46730635,2.351898,0.993826265727745,3405.22600566502,1.00002274913599
"brush","Stelgidopteryx_ruficollis","STELRUFI",0.45588684220925,-0.7948827,1.6946025,0.719959991777247,3412.97884904257,1.00065796983602
"brush","Sturnella_superciliaris","STURSUPE",0.26599305783135,-0.47639735,1.011942,0.718372784907278,3150.01901463505,0.999595716586751
"brush","Syrigma_sibilatrix","SYRISIBI",0.229539694744347,-0.8771526,1.372626,0.630931251935277,3434.48851381835,1.00087698245212
"brush","Tachuris_rubrigastra","TACHRUBR",1.2873450777775,-0.1767245,2.830253,0.922752806844064,2402.24683800557,1.00106827013222
"brush","Tachycineta_leucorrhoa","TACHLEUC",-0.214873069524625,-0.7271952,0.28375305,0.758306056589145,3742.63620270439,1.00135097196203
"brush","Theristicus_caerulescens","THERCAER",0.6668907712665,-0.4721886,1.8274435,0.826303384874352,2185.12440517014,1.00074417781442
"brush","Troglodytes_aedon","TROGAEDO",0.88840005216,0.046382825,1.7924925,0.956826098509531,3195.37029460292,1.0007519015123
"brush","Turdus_amaurochalinus","TURDAMAU",0.18058174338275,-0.4219672,0.7695442,0.694600447127271,2791.62701927991,0.999689379938383
"brush","Turdus_rufiventris","TURDRUFI",0.16766085984075,-0.5058417,0.868357249999999,0.655851401436073,3399.52992654056,0.999970613532997
"brush","Tyrannus_melancholicus","TYRAMELA",0.537049107226315,0.025376145,1.0679095,0.957322414838733,3600.77963584684,0.99983721040343
"brush","Tyrannus_savana","TYRASAVA",0.55692268034815,0.0632919,1.0490385,0.968391508941978,3888.41071525686,0.999708834993257
"brush","Vanellus_chilensis","VANECHIL",-0.2935672003563,-0.67993665,0.085828305,0.892505425431354,3025.13686037674,1.0001061083506
"brush","Xanthopsar_flavus","XANTFLAV",1.20946464219,0.49425365,1.9531775,0.998551896762372,3018.70270466261,1.00132507403946
"brush","Xolmis_cinereus","XOLMCINE",-0.709184643065,-1.2297615,-0.2174046,0.989226460482479,3189.18685078638,1.00021638251609
"brush","Xolmis_dominicanus","XOLMDOMI",2.4359213765,1.5852835,3.3779975,1.00097849320578,2413.95118515041,1.00045674282119
"brush","Xolmis_irupero","XOLMIRUP",0.149463726025,-0.53644205,0.8298546,0.647006941930812,3249.52273760854,1.00078760840602
"brush","Zenaida_auriculata","ZENAAURI",-0.5093993555095,-1.5231595,0.391090349999999,0.813107626154098,3065.44310642109,1.00167757862058
"brush","Zonotrichia_capensis","ZONOCAPE",0.8216800802275,0.3868262,1.277466,0.99917303240614,3678.06804668424,1.00117189585129
"tree","Agelaioides_badius","AGELBADI",0.03070131555975,-0.40889335,0.4796302,0.546021158712205,3754.71623030184,1.00026962704828
"tree","Alopochelidon_fucata","ALOPFUCA",0.373435313724605,-0.334206,1.078318,0.816138618185344,3897.90896708138,1.00081783584029
"tree","Amblyramphus_holosericeus","AMBLHOLO",-0.028895798488,-0.6491343,0.5860636,0.525500615102126,3510.58921423036,1.00042770007543
"tree","Ammodramus_humeralis","AMMOHUME",-0.1084943489565,-0.8042781,0.53362435,0.596256104906846,4064.00231087989,1.0006627083091
"tree","Anthus_correndera","ANTHCORR",-0.07004182967175,-0.6366758,0.4826625,0.577027313521661,3503.49967874907,1.00016681536137
"tree","Anthus_furcatus","ANTHFURC",-0.246137655141625,-0.76237935,0.24573485,0.781908895731686,3149.41654448199,1.00119530802778
"tree","Anthus_hellmayri","ANTHHELL",-0.492178083343825,-1.1069625,0.0857767899999999,0.916855281429884,3096.41869023993,0.99979034449639
"tree","Anumbius_annumbi","ANUMANNU",0.020781751154725,-0.244832,0.29504845,0.542748334897785,3996.5129516432,1.00017510701827
"tree","Athene_cunicularia","ATHECUNI",-0.37329923045325,-0.7029547,-0.0471412600000003,0.971739364818163,3360.60225905358,1.0005695411411
"tree","Caracara_plancus","CARAPLAN",-0.308287807859825,-1.0157555,0.342334899999999,0.775032135168135,3550.45573727162,1.00126038715912
"tree","Colaptes_campestris","COLACAMP",0.246597500889068,-0.21022585,0.7423551,0.80825214112163,3528.35931932789,1.0006487973835
"tree","Colaptes_melanochloros","COLAMELA",0.39194294372405,0.0430445,0.7718335,0.966054332918832,3828.72000253278,1.00004720491018
"tree","Cranioleuca_sulphurifera","CRANSULP",0.0455942911755,-0.7956776,0.872402,0.545304286811324,3580.79589550265,1.00095953470871
"tree","Donacospiza_albifrons","DONAALBI",0.15500616832325,-0.3531168,0.66596675,0.692446040303792,3547.91953632129,1.00018669968294
"tree","Drymornis_bridgesii","DRYMBRID",0.16728073208625,-0.50307485,0.84274065,0.656457535818007,3875.66861254768,1.00148438764574
"tree","Emberizoides_ypiranganus","EMBEYPIR",0.091272910574775,-0.7224063,0.87707485,0.581777091837684,3774.49303756983,1.00074820874518
"tree","Embernagra_platensis","EMBEPLAT",-0.181253275516325,-0.4684125,0.1089496,0.848870127142469,3871.32498939789,1.00004301892693
"tree","Falco_sparverius","FALCSPAR",-0.09772366090075,-0.52507775,0.34748975,0.668320644245084,3704.57445858355,1.00055473790023
"tree","Furnarius_rufus","FURNRUFU",1.57113480575,1.00127245,2.2260185,1.00097841495195,2700.80892256738,1.00080419711037
"tree","Gallinago_paraguaiae","GALLPARA",0.195865852247275,-0.17589905,0.5852961,0.804802859837809,3682.80891047639,1.00042437276095
"tree","Geothlypis_aequinoctialis","GEOTAEQU",0.149602898686,-0.4515547,0.7239804,0.664261027934746,3793.1697180261,1.00053941030881
"tree","Gnorimopsar_chopi","GNORCHOP",-0.114088634518725,-0.78486685,0.5382723,0.606421281903373,3416.05625121022,1.00161507415268
"tree","Guira_guira","GUIRGUIR",-0.301490850161225,-0.71161125,0.1074505,0.884165436403688,2925.85835835687,1.00016626759595
"tree","Hymenops_perspicillatus","HYMEPERS",-0.5302339334675,-0.8810035,-0.190719,0.994882035492902,3936.76090605483,0.999812799883123
"tree","Leptasthenura_platensis","LEPTPLAT",0.32933895361315,-0.47122,1.1341145,0.758487372585736,3789.68690472547,0.999952275735863
"tree","Limnoctites_rectirostris","LIMNRECT",-0.38890560607555,-1.0279335,0.2469875,0.851208163520868,3674.12845132374,1.00059113992689
"tree","Machetornis_rixosa","MACHRIXO",0.4211703204848,-0.33800685,1.3252115,0.793773107323996,2597.57342695102,1.00144367837218
"tree","Milvago_chimango","MILVCHIM",-0.4073785270164,-0.800616,-0.015123915,0.95698969264996,3677.2796169827,0.999921587375449
"tree","Mimus_saturninus","MIMUSATU",1.13029075475,0.7562183,1.556455,1.00097842507047,3529.85429939155,1.00004115312417
"tree","Molothrus_bonariensis","MOLOBONA",-0.016200744690175,-0.2977378,0.26986705,0.547430782766247,3840.47889887612,0.999901530858614
"tree","Molothrus_rufoaxillaris","MOLORUFO",-0.26066738191725,-0.9074489,0.3643211,0.754956672698857,3521.17103357499,1.00118856868273
"tree","Myiopsitta_monachus","MYIOMONA",-0.10292472735725,-0.4109073,0.2290715,0.714961600283532,3824.77950224616,1.00014713494408
"tree","Nothura_maculosa","NOTHMACU",-0.38943676569175,-0.80217175,0.0280276149999992,0.938711368098374,3410.77845752213,1.00132593572207
"tree","Paroaria_coronata","PAROCORO",0.0641763866011425,-0.30288465,0.47534895,0.589266978560919,3538.52117644212,1.00055632045364
"tree","Phacellodomus_striaticollis","PHACSTRI",0.437416376375,0.1704039,0.7163542,0.997445762710689,3833.27347536455,0.999935139478073
"tree","Pitangus_sulphuratus","PITASULP",0.122724614493375,-0.16683615,0.4379498,0.741761391501598,3923.18497891827,1.00077690747749
"tree","Poospiza_nigrorufa","POOSNIGR",0.2579966145018,-0.5243179,1.011539,0.706905591284349,3345.89986548975,1.00016688145992
"tree","Progne_chalybea","PROGCHAL",0.0050492774471,-0.56335355,0.60776575,0.498310149134845,3182.82676482587,0.999991476846476
"tree","Progne_tapera","PROGTAPE",-0.2316697120265,-0.5347295,0.0759070649999999,0.89521578075898,3644.27598671244,0.999819084209295
"tree","Pseudoleistes_guirahuro","PSEUGUIR",0.248686116075575,-0.22189725,0.7284259,0.799610634867513,3495.36691211524,1.00091256962492
"tree","Pseudoleistes_virescens","PSEUVIRE",-0.49515612821,-0.7673941,-0.2340489,1.00013871022695,3895.87113440066,1.0014177877041
"tree","Pygochelidon_cyanoleuca","PYGOCYAN",0.7554269094675,0.2711497,1.332993,0.998448767864004,3275.26222160218,1.00021209461602
"tree","Pyrocephalus_rubinus","PYRORUBI",1.187637783,0.6301848,1.8042405,1.00097496687168,2598.71900456949,1.00135508908282
"tree","Rhynchotus_rufescens","RHYNRUFE",-0.040636535002425,-0.35531745,0.28481195,0.586073950701763,3093.90294233847,1.00172532272983
"tree","Riparia_riparia","RIPARIPA",-0.110878680283,-0.90902195,0.628540999999999,0.584604064442643,3534.62073444646,1.00078891634742
"tree","Rostratula_semicollaris","ROSTSEMI",-0.04274294086315,-0.8297742,0.7263234,0.532144553142039,3674.1428038057,1.00050592058804
"tree","Satrapa_icterophrys","SATRICTE",0.4957835492635,0.05372676,1.100277,0.969493907079179,2055.80230347231,1.00142090586841
"tree","Sicalis_flaveola","SICAFLAV",0.8546406175,0.3612797,1.500305,1.00085600436923,2328.75158518595,1.00076610545703
"tree","Sicalis_luteola","SICALUTE",0.055739839281,-0.2312131,0.34616445,0.621953886852376,3891.53708239875,1.00020910162343
"tree","Spartonoica_maluroides","SPARMALU",-0.12879815658925,-1.0232025,0.69182735,0.587444273480526,3286.15862068798,1.00070338114937
"tree","Sporophila_caerulescens","SPORCAER",0.70886008659775,0.3004462,1.1757005,0.998029767384139,3200.41145657219,1.00003580648796
"tree","Stelgidopteryx_ruficollis","STELRUFI",0.194851221819825,-0.5168409,0.89489515,0.683312453438329,3655.17808119157,0.999620113793948
"tree","Sturnella_superciliaris","STURSUPE",-1.20664477425,-1.7817875,-0.6887377,0.999889771319926,3845.94534216541,0.999566594679904
"tree","Syrigma_sibilatrix","SYRISIBI",-0.506315259895,-1.256511,0.20615545,0.878506162810339,3000.1000964001,1.0000056768005
"tree","Tachuris_rubrigastra","TACHRUBR",0.47179244144025,-0.3455298,1.2868295,0.831471755754954,3877.7780242693,0.999942964205312
"tree","Tachycineta_leucorrhoa","TACHLEUC",-0.494061600775,-0.77987565,-0.23127995,1.00046050848089,3934.94879103184,0.999563639979285
"tree","Theristicus_caerulescens","THERCAER",-0.2105227396009,-0.8368609,0.386950999999999,0.711038457804115,3999.34406592347,1.00099394944676
"tree","Troglodytes_aedon","TROGAEDO",0.70776158362125,0.28743115,1.204641,0.997678282086683,2674.58971768639,1.00105810979541
"tree","Turdus_amaurochalinus","TURDAMAU",0.82328807385,0.4943304,1.200032,1.0009727089954,3599.817960001,1.00096210395561
"tree","Turdus_rufiventris","TURDRUFI",0.3621137641515,0.00616029250000001,0.77473605,0.951237860119077,3450.87121015996,1.00122031656393
"tree","Tyrannus_melancholicus","TYRAMELA",0.775474741869,0.37963395,1.324045,1.00080541218937,2673.21204785503,1.00049816476735
"tree","Tyrannus_savana","TYRASAVA",-0.3111243226575,-0.557259,-0.07648474,0.983380223894551,3877.03520939777,1.00009298061315
"tree","Vanellus_chilensis","VANECHIL",-0.619107866575,-0.8345876,-0.41172165,1.00080212820131,3805.01331912761,1.00021438486754
"tree","Xanthopsar_flavus","XANTFLAV",-0.528413612195,-0.9550131,-0.1243659,0.987660835763209,3851.89936091346,1.000407874191
"tree","Xolmis_cinereus","XOLMCINE",-0.34572795582175,-0.6183986,-0.0762548350000001,0.981680870726424,3959.18561112873,1.0016108027299
"tree","Xolmis_dominicanus","XOLMDOMI",-0.7536429295,-1.2061345,-0.33168325,1.0004387417295,3468.04056280535,1.00020249182977
"tree","Xolmis_irupero","XOLMIRUP",0.552942613975325,-0.15030415,1.485649,0.872421486867285,2494.51590912095,1.00025778379059
"tree","Zenaida_auriculata","ZENAAURI",0.406426200690372,-0.089990585,1.038019,0.901692869115804,2959.46338288102,1.00143747837868
"tree","Zonotrichia_capensis","ZONOCAPE",0.9704495785,0.6707784,1.3085495,1.00097843357325,3801.53066149436,1.0009718771371
"land_use","Agelaioides_badius","AGELBADI",0.36471874349725,-0.10478775,0.883359099999999,0.894825524329265,2599.6367082728,1.00025745269978
"land_use","Alopochelidon_fucata","ALOPFUCA",0.178864947763,-0.3869157,0.83391985,0.671002221018074,2575.0158306832,0.999992233006373
"land_use","Amblyramphus_holosericeus","AMBLHOLO",-0.51952205936525,-1.032783,0.0127481599999999,0.944564818308269,3281.16598001305,1.00022505131642
"land_use","Ammodramus_humeralis","AMMOHUME",-0.030885048703875,-0.6362156,0.66698505,0.551062203605285,2710.6599651057,1.00174255799485
"land_use","Anthus_correndera","ANTHCORR",-0.0994080231604,-0.584596,0.4506732,0.641067241856474,2306.69118225557,1.00046366930826
"land_use","Anthus_furcatus","ANTHFURC",-0.352976745837,-0.85837075,0.12165055,0.89420128585701,3595.63347864876,1.00185787283053
"land_use","Anthus_hellmayri","ANTHHELL",-0.27845986909732,-0.7983983,0.2196274,0.814733138610269,3428.14599572949,1.00117841688955
"land_use","Anumbius_annumbi","ANUMANNU",-0.404153131317,-0.73489665,-0.06866745,0.972227711697149,3889.76974957601,1.00078233704018
"land_use","Athene_cunicularia","ATHECUNI",-0.9112998257325,-1.399591,-0.477798,1.00008226190275,3247.38271393988,1.0013861838623
"land_use","Caracara_plancus","CARAPLAN",-1.1052002563755,-1.743955,-0.5031985,0.997288782929594,2748.41292350253,1.00002128235267
"land_use","Colaptes_campestris","COLACAMP",-0.9300160107325,-1.470038,-0.48415535,1.00042931014195,2931.53327574825,1.0000581352717
"land_use","Colaptes_melanochloros","COLAMELA",-0.4030298851405,-0.8754191,0.0709333799999999,0.92089660266578,3503.24723362129,0.999969461287002
"land_use","Cranioleuca_sulphurifera","CRANSULP",0.25416217270275,-0.3407416,0.920195849999999,0.737983676269008,2633.78760892688,0.999996489421437
"land_use","Donacospiza_albifrons","DONAALBI",-0.42212176351825,-0.95475915,0.0932857349999998,0.909290341111528,3298.48139216813,1.00195842452394
"land_use","Drymornis_bridgesii","DRYMBRID",-0.2967330831385,-0.8260554,0.3429224,0.809553333459658,2623.1666008404,1.0010713718894
"land_use","Emberizoides_ypiranganus","EMBEYPIR",-0.09457758880565,-0.66466855,0.54769275,0.620671262219031,2832.26503494896,1.00030408633709
"land_use","Embernagra_platensis","EMBEPLAT",-0.6476580467175,-1.137327,-0.2141231,0.994086230412048,2992.55427572279,1.00065081140333
"land_use","Falco_sparverius","FALCSPAR",-0.575192538317,-1.0013985,-0.166365000000001,0.985669627898495,3521.20618245534,1.00018670716992
"land_use","Furnarius_rufus","FURNRUFU",-0.575466613263275,-0.98200675,-0.1714529,0.988182526339317,3619.37280801434,1.00072613824138
"land_use","Gallinago_paraguaiae","GALLPARA",-0.519113486811,-0.9570061,-0.0779425450000002,0.970985778219789,3700.9475858055,1.00065262757323
"land_use","Geothlypis_aequinoctialis","GEOTAEQU",0.208494444146,-0.3187295,0.78970995,0.718840590571066,2663.50236345637,1.00063162455238
"land_use","Gnorimopsar_chopi","GNORCHOP",-0.32738962714475,-0.8271649,0.2440356,0.84462105310492,2888.88802198606,1.0015914591013
"land_use","Guira_guira","GUIRGUIR",-0.1403872449775,-0.56917695,0.2915782,0.709214298586059,3602.92546932664,1.00228842919816
"land_use","Hymenops_perspicillatus","HYMEPERS",-0.129577534380305,-0.57929375,0.34488935,0.685705878784956,2830.73887172055,1.00049727312729
"land_use","Leptasthenura_platensis","LEPTPLAT",0.1876827552485,-0.4061248,0.841025599999999,0.685190144872755,2808.79936307618,1.00010138956907
"land_use","Limnoctites_rectirostris","LIMNRECT",-0.2139019872625,-0.75182555,0.32228215,0.751779232312117,3456.70178446503,1.00040856701224
"land_use","Machetornis_rixosa","MACHRIXO",-0.5859775380555,-1.10942,-0.1163635,0.976344491438473,3058.15264646195,1.00010197023131
"land_use","Milvago_chimango","MILVCHIM",-0.71154417292925,-1.2045925,-0.18976915,0.986477823341481,2744.54975943237,1.00231831192572
"land_use","Mimus_saturninus","MIMUSATU",-0.7481611681,-1.130537,-0.37851705,1.00028291565725,3689.39634806361,1.00071179365932
"land_use","Molothrus_bonariensis","MOLOBONA",-0.389429956832,-0.8424531,0.0247515799999998,0.937172136974068,2086.04030835088,0.999993557311643
"land_use","Molothrus_rufoaxillaris","MOLORUFO",-0.025545896461,-0.50621425,0.4967816,0.544307704032333,3203.628452979,1.00078393089551
"land_use","Myiopsitta_monachus","MYIOMONA",-0.14456585922425,-0.5831256,0.29664815,0.710703647953471,3791.37251938157,1.00045954523594
"land_use","Nothura_maculosa","NOTHMACU",-0.78581554081,-1.3699215,-0.20484355,0.983140160027225,2561.1779166857,1.00014712056083
"land_use","Paroaria_coronata","PAROCORO",-0.2543057624,-0.6624487,0.19333295,0.842735252453734,3240.9393644569,1.00014729860953
"land_use","Phacellodomus_striaticollis","PHACSTRI",-0.303605509165625,-0.7016892,0.0963628799999999,0.901300567394139,3904.3498785659,1.00051095764767
"land_use","Pitangus_sulphuratus","PITASULP",-0.4779377190475,-0.8741755,-0.0807815350000005,0.973693167740101,3617.13303147601,1.00039386972492
"land_use","Poospiza_nigrorufa","POOSNIGR",-0.15677545988065,-0.746076,0.5113525,0.677097852941187,2872.12338299527,1.00029416757537
"land_use","Progne_chalybea","PROGCHAL",-0.2297622295733,-0.70845675,0.25241905,0.801349164244549,3412.41288193241,1.00094231974225
"land_use","Progne_tapera","PROGTAPE",0.24262992492525,-0.2483106,0.759195,0.780242700718087,3602.0587994001,1.00117989338413
"land_use","Pseudoleistes_guirahuro","PSEUGUIR",-0.1086730058995,-0.6017812,0.3945669,0.650786976248944,3703.18296275502,1.00034345320905
"land_use","Pseudoleistes_virescens","PSEUVIRE",-0.14441640572175,-0.51688655,0.2379151,0.737096822549916,3676.48662214456,1.00218457093602
"land_use","Pygochelidon_cyanoleuca","PYGOCYAN",0.332419059908,-0.1657819,0.83239605,0.866413651946229,3602.38511735125,1.00187542641464
"land_use","Pyrocephalus_rubinus","PYRORUBI",-0.2630764912655,-0.66555685,0.1315884,0.860689127777361,3276.02181020832,1.00049392696427
"land_use","Rhynchotus_rufescens","RHYNRUFE",-0.8623786588875,-1.35998,-0.37267495,0.998290734193304,3677.0094321481,1.00081937193619
"land_use","Riparia_riparia","RIPARIPA",0.669277030325625,0.07911569,1.309145,0.968724596191182,2614.20544798335,1.00167456359681
"land_use","Rostratula_semicollaris","ROSTSEMI",-0.32204079686456,-0.8366347,0.25665555,0.846216367830281,3050.36705527005,1.00015995701885
"land_use","Satrapa_icterophrys","SATRICTE",-0.1721618085397,-0.64074555,0.2596074,0.736802024650947,3735.54082984951,0.999576244282759
"land_use","Sicalis_flaveola","SICAFLAV",-0.061677094191925,-0.4814703,0.3439066,0.594168257362388,3381.24466803593,1.00114753108778
"land_use","Sicalis_luteola","SICALUTE",-0.0636703693013,-0.49683155,0.348522549999999,0.589685510314369,3270.11519016896,1.00051737139641
"land_use","Spartonoica_maluroides","SPARMALU",0.246108919925475,-0.34287465,0.90139985,0.736439919963285,2678.56976722684,1.00127583310788
"land_use","Sporophila_caerulescens","SPORCAER",-0.253790570739887,-0.80107905,0.30432695,0.772976098413046,3278.51544204057,1.00030970375673
"land_use","Stelgidopteryx_ruficollis","STELRUFI",0.54308670725925,-0.024994395,1.1245295,0.941584414758198,2560.64125280815,1.00173177025993
"land_use","Sturnella_superciliaris","STURSUPE",0.491607633167736,-0.05588933,1.090082,0.924530166135772,1921.16667569232,1.00038809895048
"land_use","Syrigma_sibilatrix","SYRISIBI",-0.5224509217905,-1.139151,0.10171735,0.916750765598414,3331.53908366482,0.999828056640494
"land_use","Tachuris_rubrigastra","TACHRUBR",0.22220957422225,-0.3959367,0.875663449999999,0.711266810475702,2521.90114033274,1.00081931609694
"land_use","Tachycineta_leucorrhoa","TACHLEUC",0.48893542027325,0.06511867,0.92347435,0.96952887979383,3756.75024390957,1.00124840671623
"land_use","Theristicus_caerulescens","THERCAER",-0.78585487778775,-1.4903825,-0.10666185,0.969510379150933,3023.35526144401,1.00024398449231
"land_use","Troglodytes_aedon","TROGAEDO",0.168180895268975,-0.3315904,0.72351055,0.68170329893451,2691.08467852799,0.999960477110428
"land_use","Turdus_amaurochalinus","TURDAMAU",-0.6734082965225,-1.1620835,-0.25050895,0.996083048427191,3085.70790642024,1.00022662267903
"land_use","Turdus_rufiventris","TURDRUFI",-0.52002438288675,-0.94524365,-0.0570942750000002,0.963041459656301,3478.9074819221,1.0003339214168
"land_use","Tyrannus_melancholicus","TYRAMELA",-0.229749793483475,-0.6165402,0.1543401,0.835917372286316,3738.160908326,1.00025147509587
"land_use","Tyrannus_savana","TYRASAVA",-0.34262997686425,-0.7068309,0.0266378699999999,0.938390424280978,3466.64303396941,1.00082313138496
"land_use","Vanellus_chilensis","VANECHIL",-0.8430115275,-1.2053705,-0.5030768,1.00083677346562,3591.31708942504,1.00123833366816
"land_use","Xanthopsar_flavus","XANTFLAV",0.30439452936625,-0.14871205,0.7885606,0.860619668374938,3042.47261657153,1.00173118218836
"land_use","Xolmis_cinereus","XOLMCINE",-0.484257374613,-0.8606783,-0.1089915,0.979727854802231,3819.85653271851,1.00099190297025
"land_use","Xolmis_dominicanus","XOLMDOMI",-0.2778648250665,-0.7405837,0.1896665,0.839150087144839,3689.6204168617,1.00018378561984
"land_use","Xolmis_irupero","XOLMIRUP",-0.5958571649525,-1.055672,-0.17783155,0.987628864041843,3318.18458469883,1.00103468732252
"land_use","Zenaida_auriculata","ZENAAURI",0.00738902028665,-0.54987585,0.6018752,0.492811788852107,2946.15297442541,0.999852414136347
"land_use","Zonotrichia_capensis","ZONOCAPE",-0.308798640705525,-0.7321287,0.0804631749999999,0.893801422934239,3043.15490428747,1.000169246644
"Intercept","Agelaioides_badius","AGELBADI",-3.5264686863,-4.8018965,-2.0605635,1.00080056966091,585.337520816596,1.00703054484619
"Intercept","Alopochelidon_fucata","ALOPFUCA",-6.07662183175,-8.207322,-3.6742845,1.00043632205318,844.565993610913,1.00160497609119
"Intercept","Amblyramphus_holosericeus","AMBLHOLO",-5.376491058085,-7.302861,-3.2347585,0.999325396739711,598.096061102203,1.00347749059288
"Intercept","Ammodramus_humeralis","AMMOHUME",-5.830367675,-7.6271315,-3.7207175,1.00080167742388,677.556484612804,1.00217832193751
"Intercept","Anthus_correndera","ANTHCORR",-3.210048211105,-4.962865,-0.93067645,0.981264478708686,586.963628033113,1.00504743338363
"Intercept","Anthus_furcatus","ANTHFURC",-3.53998919364,-5.04758,-1.6105805,0.994792833823068,543.220084237425,1.00690852560406
"Intercept","Anthus_hellmayri","ANTHHELL",-3.198902027375,-5.1103715,-0.555472200000006,0.967936653291257,670.136360073368,1.00254664924371
"Intercept","Anumbius_annumbi","ANUMANNU",0.31575753753325,-0.5069472,1.246815,0.718489974234424,306.623190962216,1.0048469989964
"Intercept","Athene_cunicularia","ATHECUNI",-1.98255315402,-2.877998,-1.002271,0.999333818121614,408.567376019845,1.00573672488593
"Intercept","Caracara_plancus","CARAPLAN",1.685005660245,-0.57890515,4.257639,0.876666114297638,976.983534595071,1.00481360115306
"Intercept","Colaptes_campestris","COLACAMP",1.7072987039925,0.3896584,3.2166505,0.988039220521873,523.835142361795,1.00619658997829
"Intercept","Colaptes_melanochloros","COLAMELA",-1.5585310699075,-2.650082,-0.40649935,0.98486273985629,505.357787253757,1.00847317014299
"Intercept","Cranioleuca_sulphurifera","CRANSULP",-7.2836593948,-9.8244335,-4.6754795,1.00084208942396,769.234412307143,1.00294334918863
"Intercept","Donacospiza_albifrons","DONAALBI",-4.43506642225,-5.9986715,-2.790208,1.00070088223884,617.40933535043,1.00425344423612
"Intercept","Drymornis_bridgesii","DRYMBRID",-5.23062430585,-7.227043,-2.889451,0.997839422820812,885.002689815095,1.00541661864642
"Intercept","Emberizoides_ypiranganus","EMBEYPIR",-6.606832123,-9.0499835,-3.979404,1.00074171426898,692.470682839217,1.00378659372556
"Intercept","Embernagra_platensis","EMBEPLAT",-2.22163303925,-2.9974235,-1.3822905,1.00083157569496,312.731273495077,1.00838158692631
"Intercept","Falco_sparverius","FALCSPAR",-0.196032219742575,-1.5419895,1.5033575,0.635048599918037,828.430389800814,1.00239604397416
"Intercept","Furnarius_rufus","FURNRUFU",1.882990246475,0.987368,2.8768265,1.00090362379366,419.703726094198,1.00785769779086
"Intercept","Gallinago_paraguaiae","GALLPARA",-3.0123898337,-4.306894,-1.467021,0.997018318175283,713.844357063336,1.00125406912879
"Intercept","Geothlypis_aequinoctialis","GEOTAEQU",-6.11231366025,-7.932235,-4.110009,1.00078627717346,662.805228537847,1.00566981213711
"Intercept","Gnorimopsar_chopi","GNORCHOP",-5.20977539175,-6.9788065,-3.1698525,1.00070176681445,842.0099217734,1.00161707084186
"Intercept","Guira_guira","GUIRGUIR",-1.58393540048075,-2.9785835,0.0650852199999996,0.943300495301348,475.411286875229,1.01099627311277
"Intercept","Hymenops_perspicillatus","HYMEPERS",-4.6519212975,-5.7098945,-3.603122,1.00068401338779,367.701889004609,1.00775438762346
"Intercept","Leptasthenura_platensis","LEPTPLAT",-6.48953592075,-8.925687,-4.0050465,0.997581620438698,916.972146841769,1.00526731517003
"Intercept","Limnoctites_rectirostris","LIMNRECT",-4.77034601505,-6.5878675,-2.816338,1.00060459472896,630.137078212651,1.00609291497552
"Intercept","Machetornis_rixosa","MACHRIXO",1.33186520602465,-0.2635082,3.2312665,0.904346353970181,780.730760157118,1.00469640882184
"Intercept","Milvago_chimango","MILVCHIM",-0.5166121319205,-1.831734,1.0061035,0.739418422992929,611.649653733787,1.00686934342625
"Intercept","Mimus_saturninus","MIMUSATU",0.8021437868975,0.03714324,1.687345,0.954369583162352,274.842609867668,1.0123419327546
"Intercept","Molothrus_bonariensis","MOLOBONA",0.90573905294375,0.1053183,1.802051,0.965805492256635,277.05540740624,1.00902091076526
"Intercept","Molothrus_rufoaxillaris","MOLORUFO",-3.462967787625,-5.4915595,-0.762292500000002,0.977439431446155,539.073498866172,1.00681825412203
"Intercept","Myiopsitta_monachus","MYIOMONA",-0.165852569728325,-1.0716355,0.81236955,0.631572762260069,484.706841482589,1.00637777994794
"Intercept","Nothura_maculosa","NOTHMACU",2.0727836035325,0.6643555,3.900151,0.995955254939052,693.04091038016,1.00340966765598
"Intercept","Paroaria_coronata","PAROCORO",-0.545033965693,-1.62102,0.628746499999999,0.793833703336793,570.953881546338,1.00891553212373
"Intercept","Phacellodomus_striaticollis","PHACSTRI",-2.431144149,-3.268197,-1.5368935,1.00067564663648,276.03543351672,1.00706564198207
"Intercept","Pitangus_sulphuratus","PITASULP",1.09045423102,0.2562214,2.035971,0.985582504883792,376.623844547629,1.0070333372745
"Intercept","Poospiza_nigrorufa","POOSNIGR",-6.814763253,-9.316656,-4.322569,1.00047687936591,610.849139317213,1.00551524937914
"Intercept","Progne_chalybea","PROGCHAL",-2.47651164759,-4.2628885,-0.178578800000002,0.959551213969521,796.758600367499,1.00601601077009
"Intercept","Progne_tapera","PROGTAPE",1.5564961993,0.7065515,2.470816,1.00024461748221,335.074083370691,1.00664011240854
"Intercept","Pseudoleistes_guirahuro","PSEUGUIR",-3.5978218024,-5.1666945,-1.8001325,0.998035035478503,672.243645534894,1.00609476760498
"Intercept","Pseudoleistes_virescens","PSEUVIRE",-0.93819513300525,-1.7006235,-0.1022007,0.963747473305928,302.089560666014,1.00903415981711
"Intercept","Pygochelidon_cyanoleuca","PYGOCYAN",-1.32353385464175,-2.5033305,-0.0551420550000004,0.955131131063759,472.373508359403,1.00556977810957
"Intercept","Pyrocephalus_rubinus","PYRORUBI",0.86637423394225,-0.04691375,1.856878,0.93593974583806,392.562627162627,1.00936618734596
"Intercept","Rhynchotus_rufescens","RHYNRUFE",-2.82633002,-3.7058435,-1.8960435,1.00006937526033,336.545436902515,1.00951974760428
"Intercept","Riparia_riparia","RIPARIPA",-5.699717021915,-7.8555395,-3.154801,0.998868686042875,1161.88490973494,1.00392641778398
"Intercept","Rostratula_semicollaris","ROSTSEMI",-5.4708626715,-7.823117,-2.960338,1.0002724533825,1005.00775685923,1.00125433983117
"Intercept","Satrapa_icterophrys","SATRICTE",-2.37039347523525,-3.795702,-0.70538665,0.984810129801003,765.350743544809,1.00348898443655
"Intercept","Sicalis_flaveola","SICAFLAV",-0.59207718336075,-1.5969875,0.50380885,0.826069428607427,419.60407671572,1.00709774089816
"Intercept","Sicalis_luteola","SICALUTE",0.201161330431775,-0.5504108,1.077751,0.64640291770166,265.792891519965,1.00926623215143
"Intercept","Spartonoica_maluroides","SPARMALU",-7.019816391,-9.499693,-4.5475505,1.00084591834703,670.523112785957,1.00248649055551
"Intercept","Sporophila_caerulescens","SPORCAER",-4.71552011275,-6.2503335,-2.860781,1.00068843881141,739.661324054927,1.00599264915736
"Intercept","Stelgidopteryx_ruficollis","STELRUFI",-4.2190289471075,-6.356674,-1.417795,0.987561564323442,728.175701055579,1.00581687036815
"Intercept","Sturnella_superciliaris","STURSUPE",-3.503026782,-4.739821,-2.1610685,1.00083160380579,680.377144982786,1.00595182233382
"Intercept","Syrigma_sibilatrix","SYRISIBI",-3.5612225477925,-5.522707,-1.1371365,0.981919153306394,1058.46998392161,1.00128557186115
"Intercept","Tachuris_rubrigastra","TACHRUBR",-7.05673864,-9.555352,-4.3897355,0.999943331438042,758.043963590089,1.0047456588916
"Intercept","Tachycineta_leucorrhoa","TACHLEUC",0.745575129719,-0.12082305,1.6870685,0.918731003090021,275.575221311814,1.00723195863506
"Intercept","Theristicus_caerulescens","THERCAER",-1.66553101650075,-3.572182,0.5817898,0.896202384494857,927.984404976077,1.00500836101848
"Intercept","Troglodytes_aedon","TROGAEDO",-4.7484191775,-6.124098,-3.2012925,0.999478515050387,739.818782550592,1.00481114765653
"Intercept","Turdus_amaurochalinus","TURDAMAU",-2.4286496651,-3.3635915,-1.4048605,1.00076495260246,423.214347633313,1.00767781680168
"Intercept","Turdus_rufiventris","TURDRUFI",-2.31496114205,-3.5652145,-0.911426650000001,0.99425615666721,539.100231337737,1.00745406182371
"Intercept","Tyrannus_melancholicus","TYRAMELA",-0.14725970707085,-1.041791,0.8563398,0.624692327112375,399.955630086824,1.00581912172654
"Intercept","Tyrannus_savana","TYRASAVA",1.6419473175,0.87480875,2.508304,1.00093487655375,262.620948139148,1.00834490151595
"Intercept","Vanellus_chilensis","VANECHIL",0.575305889119,-0.16287265,1.362891,0.897047184193047,256.680156153216,1.00916744631251
"Intercept","Xanthopsar_flavus","XANTFLAV",-3.6376806975,-4.6793405,-2.549896,1.00078925825628,444.574011206064,1.00357009122854
"Intercept","Xolmis_cinereus","XOLMCINE",0.27104928446275,-0.5817805,1.2594765,0.676227596923605,307.016149641971,1.00665701935574
"Intercept","Xolmis_dominicanus","XOLMDOMI",-5.165623505,-6.3441995,-4.032693,1.00067119096225,450.219939380926,1.00668961015867
"Intercept","Xolmis_irupero","XOLMIRUP",1.854143228775,0.70438475,3.1795875,0.99806794679901,638.198031614751,1.00581154698986
"Intercept","Zenaida_auriculata","ZENAAURI",-1.42103929439475,-3.141124,0.740437049999998,0.883984557274223,650.840894858939,1.0091074994868
"Intercept","Zonotrichia_capensis","ZONOCAPE",-1.7621148378,-2.522569,-0.904745850000001,1.00036102890555,261.088630018535,1.01179391904496
"Landscape","Agelaioides_badius","AGELBADI",-0.903403884005,-1.6531315,-0.26003115,0.991055632983738,3154.78858192018,1.00042874418394
"Landscape","Alopochelidon_fucata","ALOPFUCA",-0.289598983214375,-1.1357605,0.52758515,0.717150664753863,3486.46070059587,1.00004031931315
"Landscape","Amblyramphus_holosericeus","AMBLHOLO",-0.166175669074525,-0.92394605,0.58108205,0.635532550371187,3457.54794813965,1.0004612782573
"Landscape","Ammodramus_humeralis","AMMOHUME",0.312883320260125,-0.52227625,1.1184435,0.743873336622818,3321.97858757959,0.999949210127444
"Landscape","Anthus_correndera","ANTHCORR",-0.10293536735475,-0.8287323,0.6019591,0.596800784561375,3460.48454273844,0.999769622120301
"Landscape","Anthus_furcatus","ANTHFURC",0.0479140040875,-0.65046765,0.7369012,0.54267094610655,3342.2718531199,1.00015286291106
"Landscape","Anthus_hellmayri","ANTHHELL",0.008190911679725,-0.71432095,0.77340095,0.496573988518335,3291.28184889752,1.0004082988303
"Landscape","Anumbius_annumbi","ANUMANNU",-0.028056287868275,-0.5177796,0.5194578,0.553548307490343,3272.62256886214,1.00057652213738
"Landscape","Athene_cunicularia","ATHECUNI",0.239581371717925,-0.3732535,0.9214472,0.720847921008461,3467.9106898001,0.999790416922775
"Landscape","Caracara_plancus","CARAPLAN",-0.67227355578735,-1.5698545,0.204748699999999,0.901008173214576,3576.08695948095,1.00173448179858
"Landscape","Colaptes_campestris","COLACAMP",-0.17296480018625,-0.83500815,0.5042564,0.666308281452866,3294.48054920029,1.00007634584447
"Landscape","Colaptes_melanochloros","COLAMELA",-0.9890073438625,-1.6742405,-0.35834735,0.996274666046061,2813.19749406032,1.00081989650391
"Landscape","Cranioleuca_sulphurifera","CRANSULP",-0.27457222976775,-1.1606445,0.5941961,0.692051541367346,3150.19962129983,1.00078669816302
"Landscape","Donacospiza_albifrons","DONAALBI",0.21999543925975,-0.4740547,0.911488899999999,0.693721050839315,3369.73029831115,1.0009103726667
"Landscape","Drymornis_bridgesii","DRYMBRID",-0.49422336814015,-1.308919,0.2717606,0.849311038291461,3522.68733484063,1.00143333301197
"Landscape","Emberizoides_ypiranganus","EMBEYPIR",-0.07782453867275,-0.96471855,0.74802615,0.547177756390239,3232.87983137016,1.00015202061763
"Landscape","Embernagra_platensis","EMBEPLAT",-0.324006909270525,-0.93421485,0.2695251,0.814538024326847,3348.27263625615,1.00079347250061
"Landscape","Falco_sparverius","FALCSPAR",-0.3107997704575,-0.9184601,0.32079095,0.800931719068739,3526.99264199736,1.00029539492868
"Landscape","Furnarius_rufus","FURNRUFU",-0.059906838206325,-0.69908195,0.5413086,0.557711220779425,3059.18475320915,1.00157098726022
"Landscape","Gallinago_paraguaiae","GALLPARA",-0.5131770211995,-1.1334235,0.13283175,0.908490288884404,3440.62549492167,1.00019046272807
"Landscape","Geothlypis_aequinoctialis","GEOTAEQU",-0.321114027090275,-1.097645,0.40557145,0.760195234411925,3243.16412155251,1.00083248986315
"Landscape","Gnorimopsar_chopi","GNORCHOP",-0.209909049972,-0.98507815,0.52378635,0.679111757930427,3258.93913847185,0.99966925219963
"Landscape","Guira_guira","GUIRGUIR",-0.6027973645475,-1.213313,0.00429202249999917,0.945983418598532,3616.48426767418,1.00120562984639
"Landscape","Hymenops_perspicillatus","HYMEPERS",-0.888010664985,-1.5579545,-0.2321586,0.989602137178813,2632.23725406423,1.00127173230088
"Landscape","Leptasthenura_platensis","LEPTPLAT",0.03592126591725,-0.8706445,0.932463799999999,0.526812362964079,3490.47467959291,0.999730912854505
"Landscape","Limnoctites_rectirostris","LIMNRECT",-0.38772671735875,-1.1761645,0.3362129,0.795160909922835,3502.05854798362,1.00011203763303
"Landscape","Machetornis_rixosa","MACHRIXO",-0.197801334049475,-0.91640415,0.5355182,0.672345146998191,2797.20517565199,1.00135848763327
"Landscape","Milvago_chimango","MILVCHIM",-0.8490539511395,-1.554091,-0.18981125,0.984434600083345,3341.03862962948,1.00048829892965
"Landscape","Mimus_saturninus","MIMUSATU",0.07499481980047,-0.49770465,0.6709227,0.580316962085552,2991.68476891916,1.00001777176022
"Landscape","Molothrus_bonariensis","MOLOBONA",-0.4704812031435,-1.0711125,0.0813996649999999,0.913362874948713,3159.11784639551,0.999610536459754
"Landscape","Molothrus_rufoaxillaris","MOLORUFO",-0.27783550601075,-1.0282585,0.446137049999998,0.740719272877536,3436.40855516152,1.00114032001224
"Landscape","Myiopsitta_monachus","MYIOMONA",-0.350097192614175,-0.9264267,0.23082925,0.829233580445872,3398.13501868445,1.00005287655246
"Landscape","Nothura_maculosa","NOTHMACU",-0.0238789502662,-0.8143843,0.79564715,0.525906525843588,3195.55695083688,1.00186755048817
"Landscape","Paroaria_coronata","PAROCORO",-0.5999826613935,-1.2652435,-0.00609612000000043,0.949524681002655,3252.18997740048,0.999568744710891
"Landscape","Phacellodomus_striaticollis","PHACSTRI",0.20492668519195,-0.36284785,0.8083356,0.715576037100768,3289.26028300185,0.999487640538117
"Landscape","Pitangus_sulphuratus","PITASULP",-0.351436654521,-0.9749662,0.205279,0.840131316624177,2740.97704029849,0.999517517184258
"Landscape","Poospiza_nigrorufa","POOSNIGR",0.28542315297505,-0.5584108,1.1344815,0.71607866349057,3810.25735248997,1.00030779099233
"Landscape","Progne_chalybea","PROGCHAL",-0.349353413367,-1.037044,0.324405049999999,0.799056577559492,3131.32750375849,1.00172823521253
"Landscape","Progne_tapera","PROGTAPE",-0.72749650126675,-1.356941,-0.11420325,0.97013393525054,3147.67659197238,1.00058910637647
"Landscape","Pseudoleistes_guirahuro","PSEUGUIR",-0.295776774774375,-0.96937675,0.3891582,0.765368701492951,3514.43412200912,1.00100608100081
"Landscape","Pseudoleistes_virescens","PSEUVIRE",-0.926063302575,-1.5184905,-0.34361355,0.997954819476259,3177.37032706343,1.00417623893347
"Landscape","Pygochelidon_cyanoleuca","PYGOCYAN",0.010086517760975,-0.65156855,0.653567399999999,0.507082478083688,3408.21095345878,1.00001611585996
"Landscape","Pyrocephalus_rubinus","PYRORUBI",0.331073029146,-0.2500915,0.928370849999999,0.818356058837478,3551.32190288047,1.00005773089509
"Landscape","Rhynchotus_rufescens","RHYNRUFE",-0.69479842825725,-1.335579,-0.062359015,0.963788106340416,3351.41879528401,0.999536173527231
"Landscape","Riparia_riparia","RIPARIPA",-0.45775743498725,-1.3417485,0.39955745,0.807360840183308,3235.91701770861,1.00114703721247
"Landscape","Rostratula_semicollaris","ROSTSEMI",-0.236855619728625,-1.0330785,0.602916599999999,0.694654901697738,2996.52008371159,1.00035652420919
"Landscape","Satrapa_icterophrys","SATRICTE",-0.223316098446175,-0.84627655,0.396497099999999,0.723281019212482,3259.45084089016,1.00070227593595
"Landscape","Sicalis_flaveola","SICAFLAV",0.512604274526375,-0.10008545,1.116006,0.918582699081692,3106.06828565544,0.999621780237776
"Landscape","Sicalis_luteola","SICALUTE",0.00174773123025,-0.58626675,0.58316675,0.503356559968491,3157.18954729433,1.00137170410506
"Landscape","Spartonoica_maluroides","SPARMALU",-0.31469536143525,-1.2449115,0.5921759,0.71341753707847,3348.44841315533,1.00018790906454
"Landscape","Sporophila_caerulescens","SPORCAER",0.4922313770855,-0.2235594,1.2026005,0.870425233905923,2995.09306896619,1.00018246864904
"Landscape","Stelgidopteryx_ruficollis","STELRUFI",-0.382786955771025,-1.196417,0.4419036,0.783987820310684,3535.82805705544,1.00003848925925
"Landscape","Sturnella_superciliaris","STURSUPE",-0.8443188480215,-1.5890225,-0.15553655,0.977473611953192,3086.82523064942,1.00049549921789
"Landscape","Syrigma_sibilatrix","SYRISIBI",-1.1807690476075,-2.0629135,-0.34896485,0.990219334616567,3494.46367930804,1.00046244315103
"Landscape","Tachuris_rubrigastra","TACHRUBR",0.036774304284325,-0.84371185,0.931469749999999,0.528734267160308,3567.43329957963,1.00053258414332
"Landscape","Tachycineta_leucorrhoa","TACHLEUC",-0.789047792565,-1.397434,-0.2092077,0.986864303622804,3200.74699472196,1.00034458847238
"Landscape","Theristicus_caerulescens","THERCAER",-1.57973176835,-2.5073395,-0.7117291,0.99882232940026,3264.32016321402,1.00114491309168
"Landscape","Troglodytes_aedon","TROGAEDO",0.29553748731725,-0.36488565,0.99953185,0.753840655374574,3130.19462996594,1.00011962046623
"Landscape","Turdus_amaurochalinus","TURDAMAU",0.134192279095,-0.4652478,0.75378855,0.641287194218145,2940.1077766799,1.00039315878514
"Landscape","Turdus_rufiventris","TURDRUFI",-0.138879834737,-0.7888276,0.44855325,0.640903146185417,2855.4205200335,0.999906263798819
"Landscape","Tyrannus_melancholicus","TYRAMELA",0.02827926370975,-0.5274429,0.628094399999999,0.520962811595592,2775.25459492047,1.00124229678101
"Landscape","Tyrannus_savana","TYRASAVA",-0.40858588471875,-0.97552865,0.1445719,0.877920425123285,3387.01310445835,1.00006340082397
"Landscape","Vanellus_chilensis","VANECHIL",-0.826395288425,-1.349698,-0.2658377,0.992123447564304,3207.7551590255,1.0010319440268
"Landscape","Xanthopsar_flavus","XANTFLAV",-0.80008079119325,-1.4586005,-0.1569391,0.977637836515185,3357.84724300968,1.00048763325463
"Landscape","Xolmis_cinereus","XOLMCINE",-0.62465070571,-1.208671,-0.0576456750000001,0.964397314495487,3218.9782860073,0.99995613437772
"Landscape","Xolmis_dominicanus","XOLMDOMI",-1.019527190963,-1.7494245,-0.3346235,0.99501667883438,2667.83214703607,1.00022499015769
"Landscape","Xolmis_irupero","XOLMIRUP",-0.1160974676657,-0.7521244,0.53791475,0.620485845305629,3819.60200358642,0.999938502214345
"Landscape","Zenaida_auriculata","ZENAAURI",-0.34377240910175,-1.086935,0.37524015,0.775676876713849,2998.86840940543,0.999657054035229
"Landscape","Zonotrichia_capensis","ZONOCAPE",0.82595794816,0.2470008,1.443279,0.991102464296303,3284.66288861272,1.00139270429807
